Epoch,x=ln(t/tP),Z(x),Z'(x),G_eff_rel,Physics
Big_Bang_tP,1.618033988749895,3.652297057033317,-4.940982088732504,-0.2023889141959078,Spacetime starts
Quantum_Birth,6.283185307179586,0.44569321612047574,2.8360867303706128,0.3525985257401922,ħ from zero spacing
Gravity_Birth,12.0,-1.2647266511793767,-2.464471804277668,-0.40576646008457706,G born
Lambda_Dominance,32.935062,-0.3069706606839123,2.36799367455659,0.4222984253483073,Λ from V(Z)
EM_Birth,137.035999,5.732384148757667,0.32969215639777616,3.0331325164845357,α from Z≈137
CMB_Epoch,127.0,4.218458938816806,-2.4462596913377155,-0.40878734320032833,CMB: G 8% weaker
Today,321.0,-2.1039506737680727,3.4133511905598546,0.29296721730997183,Today: T_01
